Sites	Rates	States
1	13.3721044077247	F
2	4.05637753583665	V
3	5.28577796767755	F
4	15.2920534400648	D
5	17.3446679047066	A
6	18.4376938582478	Q
7	8.67218595514078	V
8	17.9974951685045	P
9	5.24352365441686	S
10	8.64375293451088	A
11	16.0879993978591	Q
12	4.10083212597682	K
13	8.52432729676508	H
14	9.90215396358708	I
15	11.6722429538635	L
16	6.61859451974896	E
17	7.98275988795656	D
18	1.09521841465978	E
19	20.4916223106432	T
20	0.270838022200531	A
21	5.82226265826209	I
22	9.92827431131775	K
23	0.443258160257354	R
24	20.7270266180119	S
25	3.23812821938815	K
26	8.86495208731114	S
27	2.35906804345185	T
28	5.95175748631228	Q
29	4.98005303835498	L
30	0.458825051700626	I
31	8.09476380418834	D
32	3.05865216061634	Y
33	10.1782507214699	P
34	7.99197783768889	S
35	4.01813850126638	E
36	7.53132325705742	V
37	6.9686133627771	G
38	4.47705727204147	I
39	5.6313971315286	T
40	2.00132879106719	G
41	4.4168509170961	L
42	5.03547663619191	A
43	2.1100911960442	A
44	1.36971536387716	K
45	2.46367102773594	V
46	1.72888568713122	I
47	5.52081572801953	H
48	6.27629447650664	P
49	1.74674457369347	G
50	3.49446987864655	I
51	4.69140619014557	G
52	0.361515415579899	G
53	3.10188735746542	S
54	0.640645226919732	K
55	0.142056354127882	Q
56	2.98317986712745	V
57	0.530261980883369	Y
58	1.85386003274122	D
59	7.49523439478746	T
60	3.74857225360696	I
61	1.26515923640309	H
62	1.14609364141607	E
63	0.476650047856163	E
64	3.88919338879989	A
65	0.160926846572823	A
66	5.56044922150119	D
67	1.58016487439107	H
68	4.22633658173771	E
69	2.96320593382942	L
70	1.47429933019458	K
71	1.71315900618136	I
72	7.1712350199145	A
73	7.39767458060131	T
74	1.58563340945622	V
75	0.958634810137576	A
76	3.9406127128855	A
77	0.74277977573368	K
78	2.95672420220176	A
79	1.15367047911091	R
80	1.19608430342459	E
81	0.12756049192702	D
82	0.870865514006363	A
83	0.878442078549339	Y
84	0.741625915277402	K
85	0.10158732148796	A
86	0.658258579967653	N
87	0.0809593272746316	M
88	1.46552115435236	Y
89	0.149533670510006	L
90	0.921033808683789	T
91	2.42443147189043	F
92	0.570881606400641	T
93	0.66520828683475	K
94	4.2897071139685	A
95	0.326969241612925	L
96	0.160108107144623	T
97	0.375751575071184	E
98	2.60007709875498	S
99	0.0704767366785352	I
100	1.29994305317433	M
101	0.799997934503415	K
102	0.13227299631302	G
103	0.421357816148344	Q
104	0.448964043407184	D
105	0.673696583830742	I
106	0.0037046247057543	A1
107	0.632696310773342	A
108	0.0865264607904363	I
109	6.62942330046769	M
110	0.159273861772744	R
111	4.30014709528659	I
112	1.91152324309122	S
113	0.994557727907626	S
114	0.0889227993163323	V
115	1.20049169381912	V
116	0.448364222976299	G
117	1.50744542920344	L
118	0.791836608188648	T
119	0.31606050164405	Q
120	0.0758020917594257	L
121	0.316324567074308	K
122	0.162290253737143	T
123	1.67847025240868	E
124	0.42887235408047	I
125	0.105844552158321	L
126	0.0227021671993842	S
127	2.50449523520458	Q
128	0.15826826885661	E
129	0.197460993189247	D
130	0.775526395616805	E
131	0.0052058724468685	P3
132	1.65106558933452	S
133	0.0523201708328997	I
134	1.12870890379327	I
135	0.366761704926957	F
136	0.0029480743186018	T
137	0.0579312928989678	V
138	0.0333954184469481	L
139	1.45190267788936	Y
140	1.79140588974086	A
141	0.171457485502211	Q
142	0.802618392726454	T
143	0.0631549534842676	R
144	0.156109815661718	V
145	0.495654568962444	K
146	0.798900300130765	H
147	0.18543650237973	S
148	0.0147270620833748	L
149	0.577170788404169	N
150	0.0209060478618791	F
151	0.943399563883272	L
152	0.27652784421914	F
153	0.0249741002897043	A
154	0.658934126108836	N
155	0.185954572278473	H
156	0.0001522955910596	P18
157	0.0741880861194882	D
158	0.0314067107595942	F
159	0.43019853985242	A
160	0.18613665753712	H
161	0.0024170202611631	A4
162	0.89995857687314	Q
163	0.239316503957191	R
164	1.083705163414	E
165	0.0095224283446095	M1
166	0.561079844753803	E
167	0.0511549233935577	A
168	0.0003493451230615	G86
169	0.358795216154182	T
170	0.161100613449	V
171	0.0535526024704018	G
172	0.0013759643250558	L8
173	0.785897203440922	L
174	0.222954299853956	I
175	0.614206593342577	R
176	0.0466904678277929	K
177	0.0081931822645723	G1
178	0.0055745698548231	N5
179	0.0012674973679127	A9
180	0.0195352559093293	K
181	0.132496270806272	S
182	0.501815366628219	A
183	0.0068685799375312	R9
184	0.270939692605975	R
185	0.0594271950754899	E
186	0.250924890405066	T
187	0.046459319072191	S
188	0.331034250423822	A
189	0.0003271270199331	G63
190	0.148773072892922	S
191	0.176080685903608	Y
192	5.05738116337340	K5
193	0.0021163856153330	S5
194	0.401467554990357	N
195	0.918226924477811	K
196	0.012529314426148	E
197	2.60374745046287	A
198	0.0600065616835658	P
199	0.182688185367004	F
200	1.18276253704778	Q
201	0.0438136218176071	A
202	0.0031467876706351	Q8
203	0.0091729968220737	G
204	0.0008704126516908	A98
205	0.580218266441412	I
206	1.36165194211259	Q
207	0.0087579443341024	Y6
208	0.0384955747134978	A
209	0.0200467424418402	A
210	0.283086608762213	M
211	0.521354495846992	V
212	0.078509436932245	G
213	0.0588188618153111	D
214	0.0899802883642943	T
215	0.143852169519602	A
216	0.199172647301102	K
217	0.0541013744385476	H
218	3.43893594990027	A05
219	0.0401590920550764	V
220	0.0279228077392462	W
221	0.350754307811134	R
222	0.0175382655864195	N
223	0.0327240402813173	R
224	0.0674695288130509	H
225	0.0027419590321775	Y
226	0.0187318678133544	L
227	2.00047776900706	Q
228	0.0025879870503680	A2
229	0.0947231082415781	L
230	0.039004455286472	I
231	0.172502014083726	S
232	0.17539355307536	P
233	0.0077064697389394	C
234	0.0175736359224988	I
235	0.0434676510467714	S
236	0.0591386716131997	Q
237	0.0012405495728649	K5
238	0.130278576666737	K
239	0.0543292786497839	E
240	0.0001237837620617	E71
241	0.255253981359191	D
242	0.53862104987827	G
243	1.36086822913646	I05
244	1.56943220898163	D
245	0.0009860254782385	E62
246	0.0022600335949543	K4
247	1.2331839722941	N
248	0.0002316326274530	H51
249	0.0007423856588862	G58
250	0.0075669725166327	V5
251	9.50009703775836	C05
252	0.440432319466266	L
253	0.0077277379729223	V
254	0.0134406897645056	E
255	0.0017442360339489	Y7
256	2.82014588974835	I07
257	2.04465514342694	T05
258	0.0590873558791626	G
259	0.300010093546316	H
260	0.0048017749034913	T
261	0.0060736916436456	P4
262	0.169821674870243	T
263	0.083641243211238	N
264	0.0327587696315141	R
265	0.0199920598099846	G
266	0.0258311260895354	W
267	2.27640568409098	K05
268	0.0001031691313011	K96
269	0.011794578554119	K
270	0.0002262002889842	A09
271	0.0082826587189469	V9
272	0.102179994394498	L
273	0.0814865895572847	I
274	0.0975008226010501	M
275	3.19867481610044	N05
276	0.459977691307733	E
277	0.0019787980972200	W9
278	0.0410075352716631	C
279	0.0005352060530907	E05
280	0.0058399743578887	A6
281	1.87980038508989	C05
282	0.0552844180393854	G
283	0.0056780388300205	I1
284	0.250586410546122	N
285	0.0014260381522365	G
286	5.55327490128567	R08
287	0.0011898598664715	R9
288	1.64048509679439	I05
289	0.0009951302035659	G42
290	8.43327370973689	A07
291	0.0193126852252992	G
292	0.0108606118308639	L
293	0.146878919268894	A
294	0.0004736767959751	K68
295	0.0008257860578064	W88
296	3.95072098210343	H07
297	0.0430167589069761	R
298	0.151805041442362	L
299	4.91823090821963	A05
300	0.347483341523321	A
301	2.50701547121733	T05
302	4.91313952427337	R05
303	5.89064733209844	I08
304	1.80707178905908	N08
305	0.0006805556685298	L3
306	0.0016743310246517	S9
307	0.0003025442753159	F8
308	0.124021634429002	L
309	0.0146546687961729	L
310	0.0007039360186602	N26
311	7.12751129742135	V08
312	3.14931697416755	V11
313	1.66441352566876	L10
314	6.12944825675061	S0
315	0.0260507024954024	V
316	1.87322558823614	T06
317	2.05177834347228	H07
318	0.0001589094762521	D54
319	0.0008483944198681	N73
320	0.0159734976071478	R
321	1.29837873991855	L09
322	1.30693560094184	D10
323	0.0947346855997571	V
324	0.179738180481505	Q
325	1.11619753996346	A05
326	0.0296518787445659	Y
327	1.60513034249091	G08
328	2.40318940886127	S05
329	0.0167611370460088	L
330	5.44900413551171	I06
331	5.36888610298360	A5
332	0.159319974388086	L
333	0.0156549514048755	G
334	0.0003895476713746	S85
335	7.37787696255258	L08
336	0.0017479721300294	H5
337	0.0001302424806392	W05
338	0.0003401156372431	Y09
339	2.23713756132926	E05
340	5.39785209599388	E06
341	0.0105529737313968	N
342	0.0016563664041448	D8
343	0.0086847864040991	T4
344	6.47927275910194	A12
345	1.17141622878307	T18
346	1.47722775381950	V7
347	1.19366876687190	A8
348	0.013523270553526	A
349	0.0004564047766658	G31
350	1.36395216015636	E07
351	6.61302677093221	G05
352	1.90171601101006	R06
353	0.0003533781376754	R75
354	1.99612896086661	G6
355	0.0017366621518690	F4
356	1.05221275595731	W18
357	2.58175662803433	D11
358	6.31983084468129	A12
359	8.29765079385138	A13
360	0.0140856315312746	A
361	9.94495209839843	L12
362	1.24419307304514	I24
363	1.06576517514003	E06
364	0.0017525658464765	G2
365	0.0013776793877466	G2
366	1.73476363203375	I13
367	6.39030166695215	L18
368	1.07721953476150	R7
369	4.96572157947656	I05
370	3.18125928059241	T16
371	4.66879639976787	S08
372	7.32937085142329	G08
373	3.94237588339315	L08
374	0.025029373129331	D
375	7.43948035967259	V10
376	1.18214003826961	R12
377	2.53810782661202	F08
378	2.59923637541374	M13
379	4.28493754892983	H07
380	3.18759370915644	A11
381	0.0037361803600231	A1
382	6.97210829832398	K13
383	7.36830284851865	Y08
384	5.15562538672272	L09
385	6.60091633844976	K07
386	4.76780946698707	M13
387	1.04666943046481	L14
388	1.47097763629976	K10
389	4.15756512360868	Y11
390	2.08146640056358	E24
391	2.51827486204844	N20
392	5.91522285928902	V38
393	1.59117392209584	V68
394	5.79737556025382	D11
395	0.0016221905138425	H
396	3.70461357798508	A20
397	3.72838489172996	S24
398	1.47991751338834	G11
399	7.35881340273017	A05
400	4.28938798285647	L18
401	0.0089694510625390	D8
402	2.52901307312976	A
403	2.6494537238494	T4
404	1.3180391751717	K3
405	1.78489161774761	S11
406	1.02599199251359	E92
407	1.97439812185165	A40
408	2.67130824521348	P28
409	1.12965523155588	Q29
410	9.34314116353237	Y10
411	5.28543789139477	H13
412	2.14902199021852	L7
413	1.46213627883041	Q25
414	0.0561028150437921	Q
415	5.46078178060923	K12
416	1.63687864567873	M60
417	1.38699862822192	F7
418	5.34701776920824	L18
419	1.59755208874591	E58
420	1.40687879624104	R21
421	9.24078352548501	L06
422	0.0022843406868400	A2
423	0	A
424	1.22893207231250	P5
425	4.23195384523314	M286
426	2.29241106439977	D84
427	0	D
428	1.62027038704734	Y67
429	0	L
430	0	V
431	0	A
432	0	L
433	0	T
434	0	M
435	0	A
436	0	G
437	0	D
438	0	C
439	0	L
440	0	T
441	0	H
442	0	Y
443	0	V
444	0	A
445	0	H
446	0	T
447	0	E
448	0	V
449	0	D
450	0	Y
451	0	L
452	0	D
453	0	R
454	0	A
455	0	N
456	0	I
457	0	T
458	0	K
459	0	H
460	0	V
461	0	H
462	0	Q
463	0	F
464	0	G
465	0	T
466	0	Y
467	0	Q
468	0	C
469	0	L
470	0	L
471	0	F
472	0	E
473	0	L
474	0	R
475	0	M
476	0	H
477	0	R
478	0	I
479	0	D
480	0	V
481	0	T
482	0	T
483	0	D
484	0	T
485	0	G
486	0	R
487	0	M
488	0	A
489	0	S
490	0	P
491	0	Q
492	0	K
493	0	A
494	0	G
495	0	M
496	0	Y
497	0	C
498	0	N
499	0	F
500	0	A
501	0	I
502	0	D
503	0	A
504	0	Y
505	0	S
506	0	Q
507	0	T
508	0	G
509	0	G
510	0	E
511	0	I
512	0	P
513	0	D
514	0	L
515	0	G
516	0	R
517	0	M
518	0	L
519	0	I
520	0	L
521	0	A
522	0	D
523	0	L
524	0	E
525	0	K
526	0	N
527	0	Y
528	0	M
529	0	K
530	0	L
531	0	N
532	0	N
533	0	Y
534	0	A
535	0	A
536	0	C
537	0	K
538	0	C
539	0	V
540	0	Y
541	0	G
542	0	E
543	0	Y
544	0	A
545	0	L
546	0	Y
547	0	E
548	0	K
549	0	K
550	0	V
551	0	R
552	0	A
553	0	L
554	0	Q
555	0	K
556	0	E
557	0	A
558	0	S
559	0	Y
560	0	T
561	0	I
562	0	S
563	0	P
564	0	Y
565	0	A
566	0	R
567	0	K
568	0	R
569	0	E
570	0	V
571	5.13207411316426	K54
572	1.32308664594012	F99
573	1.94480652276085	S100
574	1.25838865838428	A259
575	6.62320107550075	A48
576	6.03755434048842	I20
577	1.19487915289222	I141
578	2.12775529002542	L97
579	1.17943658438587	L13
580	3.05060885721764	A13
581	8.45869106128018	L60
582	8.49399506447601	D200
583	4.34498814245851	R36
584	7.75113899570546	S56
585	6.92115481898399	V20
586	3.31231710179372	E14
587	7.64130542720197	T11
588	2.34148334089243	D16
589	4.27635090304137	L63
590	2.06805871750976	T50
591	8.81374817024729	A
592	5.76381568673778	A28
593	7.85103781275558	S25
594	2.77565434494027	T09
595	0.0500287308566969	Q
596	2.23945368119009	L69
597	2.08162769488895	L28
598	5.36724650434136	W25
599	5.37301295940214	H14
600	0.0058484500734245	P6
601	4.22914798418244	R11
602	4.70279662366105	V34
603	4.79361996181985	Y36
604	5.10581409262215	L07
605	7.37707869153429	A34
606	0.0001652013414720	V06
607	2.41185114396207	R10
608	2.00237146319221	T17
609	0.0198222387666418	I
610	1.42248656078605	L08
611	1.28316508460594	N08
612	1.57159897083001	I29
613	5.06052694715466	Q07
614	0.0007139819861830	M34
615	0.0005546839584191	D42
616	0.0059256467116965	L8
617	5.19513880444658	T14
618	7.44117527766706	N19
619	1.53777711636365	V08
620	0.0165062799220008	T
621	2.32501221611304	Y18
622	0.0034324971742087	A8
623	0.0003050113709004	S05
624	2.29695348853412	L22
625	4.54090073045981	G18
626	0.0006176226291442	I4
627	3.21882945790679	R09
628	0.0017878936921045	I3
629	0.0304756144167923	D
630	8.49734312913957	P48
631	5.09541237026336	T09
632	1.19440766301376	G13
633	0.0249329161772304	S
634	3.46025728769885	R14
635	5.90992029187196	N17
636	4.71174209407652	I11
637	1.05501031663531	L06
638	0.0025260212711955	E7
639	0.0138973532944218	Y
640	0.0003199933760192	L49
641	5.96256308377778	N07
642	4.43239080675019	K13
643	0.0002290484447312	T45
644	0.0020551786134347	M9
645	2.04620414764557	L13
646	7.63949438665357	H06
647	0.0044202617699272	D9
648	1.81793776630905	Q12
649	0.003093626105924	D
650	6.11707622967361	R23
651	0.0003906386781408	L22
652	0.065376368189649	T
653	0.0044682071296555	G3
654	1.57703337236738	A11
655	0.0080086250484292	E9
656	1.78797755620189	L06
657	5.02320024200168	L09
658	0.0159780128892995	M
659	7.82158197215586	W08
660	2.38942154685587	I10
661	1.88910356455380	G7
662	2.15879700297855	D05
663	5.08992597813961	S0
664	1.57137887856647	G17
665	0.0008200407332897	T97
666	1.24494146381206	Q09
667	1.01968167485121	L09
668	0.142827384356046	V
669	0.0427128128873079	N
670	0.0785382323781096	K
671	5.96097922419938	Q07
672	1.67075697369246	T05
673	1.38103722846180	P5
674	3.58730691655294	V05
675	1.15967881429881	K13
676	0.0053415967552812	Y9
677	1.22418542742775	I05
678	0.0002273320266454	T49
679	1.65030991001951	L08
680	0.0404658648875567	E
681	5.97816792043534	G09
682	0.0068728535844966	R3
683	0.0065957146952918	D9
684	0.0008094551648039	S71
685	0.032142838108876	L
686	0.0008228813779283	V76
687	2.39939670447085	K06
688	0.0466132442330916	V
689	3.07693737324658	S08
690	0.0002067526611490	F73
691	5.09589522726871	Q05
692	0.0001834893556048	K24
693	0.0143752335026894	I
694	0.0005715432820627	V77
695	0.0065443287078325	Q1
696	0.0001789012064520	V26
697	4.33754010038746	G07
698	0.0012351189257191	A6
699	0.115270316705348	G
700	0.0355737753487613	T
701	0.0014401111732481	G
702	0.0397202135153843	M
703	0.0326510701652873	E
704	0.0469906248541007	E
705	0.119158615261086	K
706	0.0611293924523672	D
707	0.0463099907184724	G
708	3.32187031107133	K11
709	6.98467903340521	A1
710	0.363182007830491	A
711	1.06238067069615	A05
712	0.0589993587439891	N
713	0.0031859628081329	L6
714	0.0272371828351385	R
715	2.24956387743133	G06
716	0.0183227513348009	M
717	0.0177001659281595	Y
718	0.0047675559565753	I1
719	0.015157395584634	E
720	0.0064722524778012	V1
721	0.799030060013688	P
722	0.013642928951729	I
723	0.241187999773953	I
724	0.600315578045871	Q
725	0.0086787357087665	A8
726	0.0006389461739110	I94
727	0.12114446356564	R
728	0.0031400210698296	M7
729	0.025581456836119	Q
730	1.05912371342564	L05
731	0.0004712475183697	L19
732	0.0009032224098501	G24
733	0.0196746568991485	A
734	0.0729588729998903	D
735	8.01954843572148	T06
736	0.701066204208295	L
737	4.32237371020908	S06
738	0.363446810671772	F
739	0.0002302232447639	V74
740	0.233535745858691	I
741	0.101214461489673	V
742	0.030980728644531	E
743	0.0320831913220827	F
744	0.0014905148290326	K7
745	4.09313953351898	T05
746	0.231762312454347	L
747	0.187761451576753	L
748	0.0056359325838107	Y
749	0.0509888196156018	A
750	0.117938142382702	K
751	0.0994395071221899	E
752	0.0495496289394702	A
753	0.220721156810115	F
754	0.0077186133916436	K4
755	0.0076433602475544	A3
756	0.173551797859943	D
757	0.0020534758048945	I9
758	0.153310022421345	N
759	0.0066209021882542	K
760	0.0006861874639753	P28
761	0.300961041550847	L
762	0.026741477271444	G
763	0.0376981093960697	N
764	0.30975289771047	L
765	6.66428238216067	T05
766	0.289887221553596	P
767	0.431028894303017	R
768	0.0002993686722727	Q83
769	1.58909835677098	A
770	0.0351870921578553	V
771	1.35831403556516	A
772	0.143971158168872	K
773	0.0915347187427539	S
774	0.0042268025159764	F6
775	0.0565651022702285	S
776	0.830296169108953	H
777	0.0871711763075455	R
778	0.393203053344655	D
779	0.0406294923197168	R
780	0.133026547009198	A
781	5.19469133290239	Q06
782	0.341703028294984	K
783	0.0542621168583114	L
784	0.0026358203198979	V4
785	0.0080475867385423	M4
786	0.0809189077989698	H
787	0.0032475905771189	I6
788	7.02302858198502	V10
789	0.526504954081297	P
790	0.0049757115489279	V6
791	0.415865251960512	A
792	0.149208488795421	M
793	0.113196599846526	L
794	0.78348225075251	G
795	0.133712689787711	R
796	4.48680601021156	Q06
797	0.166816003157611	D
798	9.02868061119765	I05
799	0.159619974212428	K
800	0.70422852517064	L
801	0.261617239122875	Q
802	0.0006449665873741	V16
803	1.84342469678761	A
804	0.191532700955273	N
805	0.99122875541695	L
806	0.458718293103119	D
807	0.53490639836584	R
808	0.909579487749565	A
809	0.286147023178934	A
810	1.51054995606944	V
811	0.542909183093834	A
812	0.401215454120292	E
813	0.0246677481513689	D
814	1.90307292815186	A
815	0.430715673634405	A
816	0.20208852886324	P
817	0.0209716988036161	C
818	0.0441348131435728	T
819	0.728277244093763	R
820	0.0084785112462197	P1
821	0.346845268687078	D
822	0.0665234233823403	L
823	0.409331382179494	D
824	0.378197459733653	L
825	0.0054798256695404	S5
826	0.0053174310648680	L6
827	0.206981760760752	V
828	0.0191516052345325	L
829	1.16119053060888	A
830	1.08627442547623	F
831	0.190623574055379	W
832	0.335021202308151	Q
833	0.569352613300644	L
834	0.0521724340408574	L
835	0.288328243006151	I
836	0.0118437685931572	H
837	2.31802923663494	W
838	0.0133310290659979	E
839	0.895425096811078	R
840	0.017159302780899	M
841	0.586298937217348	A
842	0.297148901640939	P
843	0.0790273462969967	L
844	0.383056173407275	I
845	0.59015581213338	A
846	0.0082992273153826	K4
847	0.430799985984468	D
848	3.34885933547018	V
849	0.0380004740746935	W
850	0.372684714139802	L
851	0.272629286511101	V
852	0.230337170600527	A
853	0.611137803528129	N
854	2.31372930753778	G
855	0.18421983712705	N
856	4.37366497335216	L
857	1.77420552133106	A
858	2.53320242375762	A
859	0.0998010055384105	G
860	1.03204123390681	E
861	1.25949022751177	L
862	3.35691222608071	G
863	0.870600800848481	T
864	0.158447519773717	D
865	0.976192337853216	I
866	2.38857786049052	L
867	0.126357328211895	M
868	0.194626615018671	K
869	1.15039216109986	Q
870	6.04671083346086	P
871	0.984612584015953	R
872	0.306183558106272	E
873	0.364570637382523	E
874	0.285307100080171	M
875	0.213068538231355	E
876	1.38556195957288	Y
877	0.351317547326814	I
878	1.01112329946556	V
879	0.757444551089221	N
880	0.0003102099427082	A6
881	0.0403175713100462	A
882	0.948570366276674	L
883	1.47343422217898	A
884	0.350635006480951	R
885	0.913471605142102	A
886	1.91156815852359	G
887	0.272109540004522	Y
888	0.367747394764321	L
889	0.451727168875504	N
890	0.015032765162829	P
891	0.990477341679564	A
892	2.92969629867042	T
893	4.3782089002037	S
894	0.0802537859622165	A
895	0.375946935158861	Q
896	0.0314598946779712	E
897	0.035482356659566	Q
898	4.61258931137036	T
899	0.392707563901128	R
900	0.631011451193329	I
901	0.813832728814194	D
902	0.696276304854873	I
903	2.52975757178537	H
904	0.486968105997423	P
905	0.405123768512396	P
906	1.50741632299218	I
907	0.0972357986926104	E
908	3.42929285986941	P
909	0.162814145645453	I
910	1.27504229321101	G
911	1.89808505584251	T
912	2.16676208484225	L
913	1.6497104787792	Q
914	5.96869968987617	E
915	1.60018800659334	S
916	0.218732676525283	D
917	1.77571441129962	A
918	1.75552535878976	F
919	3.23880535393778	V
920	0.609679323425046	W
921	4.42635427652054	S
922	3.2541475711343	I
923	0.60020167524228	G
924	4.4349311754435	A
925	2.07602853668231	P
926	3.71785506016379	V
927	3.09047164069248	L
928	1.82704452314932	V
929	1.36387828405106	L
930	0.964445629875426	L
931	2.44406753723609	P
932	3.29166179164988	F
933	5.06130244412871	E
934	1.73849726638228	Q
935	2.58262095956305	Y
936	9.14342536527986	Q
937	0.698426121448144	T
938	3.1697085791648	P
939	0.287060014781273	L
940	1.11643274694854	M
941	0.213036351173556	E
942	2.60718286376096	S
943	0.625346974314711	A
944	1.8670601032454	T
945	0.63328791680016	H
946	1.93744994825113	I
947	5.267726185616	A
948	2.74133424654892	T
949	4.87122324597684	V
950	1.59734990346086	D
951	4.18659407453394	S
952	3.79747102013227	G
953	2.38018776964082	L
954	0.628833957163926	T
955	1.19951621609593	N
956	4.86843236532577	R
957	5.99318946119309	V
958	5.86260934047972	R
959	9.2257772375697	K
960	3.16425232748603	L
961	2.69833829789427	Y
962	6.35857395612379	K
963	5.22991106483126	A
964	1.48678442993343	V
965	18.121677227266	V
966	11.3539020821328	A
967	18.2165484986435	Y
968	3.07127614206059	G
969	4.75536365609459	E
970	5.57314494015982	S
971	7.5614539416179	M
972	11.6629086593105	E
973	9.20347344815762	M
974	8.01111070425973	G
975	7.73060888332441	E
976	6.05517315492035	S
977	31.7705523153975	T
978	13.2277192605594	R
979	10.6372727760588	A
980	11.6242025875063	S
981	17.9690125838054	Q






















































































































































































































































































































































































































































































































































































































































































































































































































































































































































































































